case_id	Overall Survival (Months)	Overall Survival Status	OS_event	OS_days	OS	slide_id	fold_0	fold_1	fold_2	fold_3
TCGA-AC-A23G	73.85019710906701	0:LIVING	1.0	2248.0	0	TCGA-AC-A23G-01Z-00-DX1.2F0326F7-6B77-4B3F-B4FA-59ADB785AA07	test	train	train	train
TCGA-AO-A1KO	20.43363994743758	0:LIVING	1.0	622.0	0	TCGA-AO-A1KO-01Z-00-DX1.EEB5E0A0-92B2-42CD-9F7A-00E9250B561F	test	train	train	train
TCGA-AR-A0TZ	107.161629434954	1:DECEASED	1.0	3261.9999999999995	0	TCGA-AR-A0TZ-01Z-00-DX1.2D58BE38-03F6-4310-8E06-F1A523FB0904	train	test	train	train
TCGA-BH-A0AW	20.43363994743758	0:LIVING	1.0	622.0	0	TCGA-BH-A0AW-01Z-00-DX1.9D50A0D2-B103-411C-831E-8520C3D50173	train	test	train	train
TCGA-D8-A1JH	13.994743758212875	0:LIVING	1.0	425.99999999999994	0	TCGA-D8-A1JH-01Z-00-DX1.4A4F2502-612C-421D-9F64-444BF2C85620	train	train	test	train
TCGA-E2-A15D	17.279894875164256	0:LIVING	1.0	526.0	0	TCGA-E2-A15D-01Z-00-DX1.AA5AF847-3635-4BAF-AAC3-BADB4A1B2CB1	train	train	test	train
TCGA-E9-A5FL	0.7884362680683311	0:LIVING	1.0	24.0	0	TCGA-E9-A5FL-01Z-00-DX1.FB810D6A-303E-45DF-BEF1-D9CE83B4417E	train	train	train	test
TCGA-EW-A1P1	39.7503285151117	0:LIVING	1.0	1210.0	0	TCGA-EW-A1P1-01Z-00-DX1.4B670029-4B3B-4D76-8EA4-F4F29EEF9E37	train	train	train	test
